{
  "norm_stats": {
    "state": {
      "mean": [
        0.5879798531532288,
        0.05453657731413841,
        0.564703643321991,
        0.059186555445194244,
        -0.7186380624771118,
        -0.14431965351104736,
        -0.7723489999771118,
        -0.064293272793293,
        -0.3925395607948303,
        0.0720367431640625,
        0.56892991065979,
        -0.09062621742486954,
        0.5502122640609741,
        0.09361414611339569,
        -0.6601806282997131,
        0.264579176902771,
        -0.8167834281921387,
        -0.08008655160665512,
        -0.10083586722612381,
        0.07292570173740387,
        0.0,
        0.0,
        0.0,
        0.0,
        0.0,
        0.0,
        0.0,
        0.0,
        0.0,
        0.0,
        0.0,
        0.0
      ],
      "std": [
        0.05348072946071625,
        0.18404419720172882,
        0.08896053582429886,
        0.43542182445526123,
        0.3581862449645996,
        0.3759506046772003,
        0.16533206403255463,
        0.29239457845687866,
        0.363905131816864,
        0.02207002229988575,
        0.05395369604229927,
        0.1369800567626953,
        0.08738052099943161,
        0.49916261434555054,
        0.3423454165458679,
        0.3450106084346771,
        0.1682899445295334,
        0.38117384910583496,
        0.37771421670913696,
        0.017993146553635597,
        0.0,
        0.0,
        0.0,
        0.0,
        0.0,
        0.0,
        0.0,
        0.0,
        0.0,
        0.0,
        0.0,
        0.0
      ],
      "q01": [
        0.4656279490470886,
        -0.2661683399438858,
        0.403476286059618,
        -0.6456715069532395,
        -0.9997313424825668,
        -0.9839718185424805,
        -0.994200546836853,
        -0.8421460171103478,
        -0.9236618483901023,
        0.00966459966301918,
        0.4499737461805344,
        -0.328301725590229,
        0.39860958094596866,
        -0.896632290482521,
        -0.999967634677887,
        -0.23965481263399124,
        -0.9995072605013847,
        -0.6717365646839142,
        -0.8411833391189576,
        0.041986132273450494,
        0.0,
        0.0,
        0.0,
        0.0,
        0.0,
        0.0,
        0.0,
        0.0,
        0.0,
        0.0,
        0.0,
        0.0
      ],
      "q99": [
        0.678904733991623,
        0.3236537451744079,
        0.7653886191129684,
        0.9351747375965118,
        0.15195292150974282,
        0.394514988899231,
        -0.3015862939834595,
        0.4355247062444687,
        0.5668484655857087,
        0.08399599707126618,
        0.6549914227068424,
        0.14881012617051603,
        0.775485913181305,
        0.9552921463251114,
        0.0967591279268265,
        0.9409659615159034,
        -0.21896825245022766,
        0.8179866317749025,
        0.8395582075119017,
        0.08399893040768802,
        0.0,
        0.0,
        0.0,
        0.0,
        0.0,
        0.0,
        0.0,
        0.0,
        0.0,
        0.0,
        0.0,
        0.0
      ]
    },
    "actions": {
      "mean": [
        -0.002239946508780122,
        0.010853800922632217,
        -0.011802008375525475,
        0.9258966445922852,
        0.006513024680316448,
        0.0034434820991009474,
        -0.005124296527355909,
        0.948113739490509,
        -0.014429440721869469,
        0.5107569098472595,
        -0.0007961165392771363,
        0.0068258196115493774,
        -0.012177528813481331,
        0.9226822257041931,
        0.019902890548110008,
        0.0031743550207465887,
        -0.012115846388041973,
        0.9421647191047668,
        0.009297474287450314,
        0.4321400821208954,
        0.0,
        0.0,
        0.0,
        0.0,
        0.0,
        0.0,
        0.0,
        0.0,
        0.0,
        0.0,
        0.0,
        0.0
      ],
      "std": [
        0.09612996131181717,
        0.05336397886276245,
        0.07463963329792023,
        0.163102924823761,
        0.21759846806526184,
        0.2621261775493622,
        0.18862420320510864,
        0.10578616708517075,
        0.23254148662090302,
        0.8114324808120728,
        0.06054035946726799,
        0.0541396290063858,
        0.07260170578956604,
        0.15735748410224915,
        0.22564981877803802,
        0.26939332485198975,
        0.24319958686828613,
        0.11520928889513016,
        0.19918213784694672,
        0.8412279486656189,
        0.0,
        0.0,
        0.0,
        0.0,
        0.0,
        0.0,
        0.0,
        0.0,
        0.0,
        0.0,
        0.0,
        0.0
      ],
      "q01": [
        -0.26794330105781555,
        -0.12990182016491889,
        -0.26406332907080654,
        0.19159429321289057,
        -0.5287224652767182,
        -0.9090997879981995,
        -0.623409196972847,
        0.4828125447317958,
        -0.7583042484402657,
        -1.0,
        -0.2382552516460419,
        -0.15442352304458618,
        -0.27260033276081086,
        0.23374291098117828,
        -0.707236476111412,
        -0.7933661402463913,
        -0.7881684408903122,
        0.46257628387212757,
        -0.5406452109336853,
        -1.0,
        0.0,
        0.0,
        0.0,
        0.0,
        0.0,
        0.0,
        0.0,
        0.0,
        0.0,
        0.0,
        0.0,
        0.0
      ],
      "q99": [
        0.3520190447568894,
        0.21607591055631636,
        0.1518863598108291,
        0.9996901476502418,
        0.7847868328094483,
        0.6998265590667725,
        0.5556881929636002,
        0.9997769048914313,
        0.6164113500356674,
        0.9996,
        0.1641901785135269,
        0.2142410750627518,
        0.14740164297819136,
        0.9997652150988579,
        0.7263837039232255,
        0.8733845880508422,
        0.6576535043239593,
        0.9997257834076883,
        0.6398104335546493,
        0.9996,
        0.0,
        0.0,
        0.0,
        0.0,
        0.0,
        0.0,
        0.0,
        0.0,
        0.0,
        0.0,
        0.0,
        0.0
      ]
    }
  }
}