{
  "norm_stats": {
    "state": {
      "mean": [
        0.15646213293075562,
        0.03172673285007477,
        -0.2831551134586334,
        -1.797337293624878,
        0.6036948561668396,
        1.7738254070281982,
        -0.6520260572433472,
        0.0762772485613823,
        -0.5332651138305664,
        -0.009342947974801064,
        0.4504767656326294,
        -1.8044201135635376,
        -0.5655761957168579,
        1.7639912366867065,
        0.19682835042476654,
        0.07107111811637878,
        0.0,
        0.0,
        0.0,
        0.0,
        0.0,
        0.0,
        0.0,
        0.0,
        0.0,
        0.0,
        0.0,
        0.0,
        0.0,
        0.0,
        0.0,
        0.0
      ],
      "std": [
        0.14625942707061768,
        0.09155973047018051,
        0.1575661301612854,
        0.2421717494726181,
        0.5463753342628479,
        0.3368949592113495,
        0.5117835402488708,
        0.015201108530163765,
        0.14423339068889618,
        0.14984570443630219,
        0.22071142494678497,
        0.24223721027374268,
        0.603832483291626,
        0.17099955677986145,
        0.4968208074569702,
        0.018761400133371353,
        0.0,
        0.0,
        0.0,
        0.0,
        0.0,
        0.0,
        0.0,
        0.0,
        0.0,
        0.0,
        0.0,
        0.0,
        0.0,
        0.0,
        0.0,
        0.0
      ],
      "q01": [
        -0.2015955389380455,
        -0.23619420219063758,
        -0.6250519287511707,
        -2.360918496465683,
        -0.051971857205033306,
        1.152338320350647,
        -1.525150774359703,
        0.0429969346165657,
        -0.8256783059567213,
        -0.4182398419320583,
        0.0055230733931064604,
        -2.420702145767212,
        -1.5626091024875641,
        1.4397198900222778,
        -0.5843769186019897,
        0.041986132273450494,
        0.0,
        0.0,
        0.0,
        0.0,
        0.0,
        0.0,
        0.0,
        0.0,
        0.0,
        0.0,
        0.0,
        0.0,
        0.0,
        0.0,
        0.0,
        0.0
      ],
      "q99": [
        0.46638011009991165,
        0.18880062793791297,
        0.012105040058493666,
        -1.4250484982013703,
        1.6168962532132864,
        2.3672448460578916,
        0.0678643354177475,
        0.08432493039369582,
        -0.22078915605247018,
        0.21052304090261453,
        0.9866497789770363,
        -1.5080783220291138,
        0.28197146001458173,
        2.1604648906707764,
        1.0774609811782836,
        0.08399893040768802,
        0.0,
        0.0,
        0.0,
        0.0,
        0.0,
        0.0,
        0.0,
        0.0,
        0.0,
        0.0,
        0.0,
        0.0,
        0.0,
        0.0,
        0.0,
        0.0
      ]
    },
    "actions": {
      "mean": [
        0.16062623262405396,
        -0.011755873449146748,
        -0.28529617190361023,
        -1.743817687034607,
        0.6073306202888489,
        1.7771908044815063,
        -0.6528767943382263,
        0.5971115231513977,
        -0.5337961912155151,
        -0.07295254617929459,
        0.45211994647979736,
        -1.7279187440872192,
        -0.5725136399269104,
        1.7692328691482544,
        0.2215271145105362,
        0.3731818199157715,
        0.0,
        0.0,
        0.0,
        0.0,
        0.0,
        0.0,
        0.0,
        0.0,
        0.0,
        0.0,
        0.0,
        0.0,
        0.0,
        0.0,
        0.0,
        0.0
      ],
      "std": [
        0.14838099479675293,
        0.10023155808448792,
        0.1564302295446396,
        0.24987170100212097,
        0.5531343817710876,
        0.34427809715270996,
        0.5176571607589722,
        0.7651997804641724,
        0.14301827549934387,
        0.16110967099666595,
        0.21961575746536255,
        0.24695110321044922,
        0.6131380200386047,
        0.17463548481464386,
        0.5267531871795654,
        0.8971956968307495,
        0.0,
        0.0,
        0.0,
        0.0,
        0.0,
        0.0,
        0.0,
        0.0,
        0.0,
        0.0,
        0.0,
        0.0,
        0.0,
        0.0,
        0.0,
        0.0
      ],
      "q01": [
        -0.19807127948403358,
        -0.3084614385485649,
        -0.6289983682341873,
        -2.328669941329956,
        -0.05729540764093399,
        1.1532590276956558,
        -1.563611170220375,
        -1.0,
        -0.8162244390517474,
        -0.5234230613410473,
        0.008998714791238309,
        -2.368598958873749,
        -1.59271104144454,
        1.4372675636291503,
        -0.609343201470375,
        -1.0,
        0.0,
        0.0,
        0.0,
        0.0,
        0.0,
        0.0,
        0.0,
        0.0,
        0.0,
        0.0,
        0.0,
        0.0,
        0.0,
        0.0,
        0.0,
        0.0
      ],
      "q99": [
        0.4814288405090571,
        0.16547603387832643,
        -0.009458859625458671,
        -1.351918794631958,
        1.6459295258045195,
        2.3927462125182153,
        0.12412358658313738,
        0.9996,
        -0.23779709452092657,
        0.17328583073616022,
        0.9905266320943833,
        -1.4099418360710145,
        0.2586604506850243,
        2.1593862543106077,
        1.2731810146212577,
        0.9996,
        0.0,
        0.0,
        0.0,
        0.0,
        0.0,
        0.0,
        0.0,
        0.0,
        0.0,
        0.0,
        0.0,
        0.0,
        0.0,
        0.0,
        0.0,
        0.0
      ]
    }
  }
}