{
  "norm_stats": {
    "state": {
      "mean": [
        0.5955190658569336,
        0.05161847919225693,
        0.5844660401344299,
        -0.16157975792884827,
        -0.7564601302146912,
        -0.158805713057518,
        -0.8010480999946594,
        0.056162841618061066,
        -0.3574807643890381,
        0.06990483403205872,
        0.5635887980461121,
        -0.12237916141748428,
        0.5728846788406372,
        0.3567063510417938,
        -0.6532185077667236,
        0.28735074400901794,
        -0.8232483863830566,
        -0.24399206042289734,
        0.036141425371170044,
        0.07338742166757584,
        0.0,
        0.0,
        0.0,
        0.0,
        0.0,
        0.0,
        0.0,
        0.0,
        0.0,
        0.0,
        0.0,
        0.0
      ],
      "std": [
        0.054887134581804276,
        0.1844586580991745,
        0.10111667215824127,
        0.27095329761505127,
        0.3495199382305145,
        0.42527735233306885,
        0.1589364856481552,
        0.18252640962600708,
        0.4108514189720154,
        0.025371361523866653,
        0.057082198560237885,
        0.1491525024175644,
        0.10076843202114105,
        0.33096057176589966,
        0.34399929642677307,
        0.36827346682548523,
        0.18897020816802979,
        0.2576112747192383,
        0.3991873860359192,
        0.01764507219195366,
        0.0,
        0.0,
        0.0,
        0.0,
        0.0,
        0.0,
        0.0,
        0.0,
        0.0,
        0.0,
        0.0,
        0.0
      ],
      "q01": [
        0.46043613018989565,
        -0.2698734315633774,
        0.39837621861696243,
        -0.6800714448451995,
        -0.999998927116394,
        -0.990380582690239,
        -0.9966302425935865,
        -0.4700931481122971,
        -0.8950921460986138,
        0.008989933019876481,
        0.4432542226612568,
        -0.3348519250750542,
        0.39207307369709016,
        -0.3182291103839874,
        -0.999967634677887,
        -0.2593045342564583,
        -0.9997529447972775,
        -0.6980379697799682,
        -0.6693482776284219,
        0.041986132273450494,
        0.0,
        0.0,
        0.0,
        0.0,
        0.0,
        0.0,
        0.0,
        0.0,
        0.0,
        0.0,
        0.0,
        0.0
      ],
      "q99": [
        0.6863396299123764,
        0.31068592450618737,
        0.7720283295571804,
        0.5250350049018859,
        0.16105079905986797,
        0.33762033278942116,
        -0.3738619409948588,
        0.45640941143035874,
        0.6356777530908586,
        0.08399599707126618,
        0.6560256004333496,
        0.15161735452115532,
        0.7939748908281326,
        0.9755369378089906,
        0.10178537340164184,
        0.9456054791212081,
        -0.10374231767654418,
        0.3111547597169875,
        0.866054511964321,
        0.08399893040768802,
        0.0,
        0.0,
        0.0,
        0.0,
        0.0,
        0.0,
        0.0,
        0.0,
        0.0,
        0.0,
        0.0,
        0.0
      ]
    },
    "actions": {
      "mean": [
        0.0016209062887355685,
        0.0007288148626685143,
        -0.011974656954407692,
        0.9344989657402039,
        0.0332362987101078,
        -0.003860366065055132,
        0.006315671373158693,
        0.9636188745498657,
        -0.017648661509156227,
        0.5011549592018127,
        0.00005603068711934611,
        0.0028951107524335384,
        -0.012221047654747963,
        0.9363904595375061,
        -0.0028982453513890505,
        0.0006191034917719662,
        -0.028978660702705383,
        0.9584795832633972,
        -0.010589714162051678,
        0.448277086019516,
        0.0,
        0.0,
        0.0,
        0.0,
        0.0,
        0.0,
        0.0,
        0.0,
        0.0,
        0.0,
        0.0,
        0.0
      ],
      "std": [
        0.09438158571720123,
        0.04281109943985939,
        0.073294498026371,
        0.17334139347076416,
        0.1754513680934906,
        0.25448349118232727,
        0.1630091518163681,
        0.08926136791706085,
        0.1911756843328476,
        0.8077850937843323,
        0.06108556687831879,
        0.05869950354099274,
        0.08140863478183746,
        0.15736600756645203,
        0.18546028435230255,
        0.25299227237701416,
        0.19792793691158295,
        0.10139039903879166,
        0.17581014335155487,
        0.8068200349807739,
        0.0,
        0.0,
        0.0,
        0.0,
        0.0,
        0.0,
        0.0,
        0.0,
        0.0,
        0.0,
        0.0,
        0.0
      ],
      "q01": [
        -0.27588349962234493,
        -0.1529332860469818,
        -0.27794326298832894,
        0.12185069242715829,
        -0.3525689920425415,
        -0.9615818061351776,
        -0.40993862376213075,
        0.5520089832678436,
        -0.7363020491600036,
        -1.0,
        -0.2726730474829674,
        -0.18849929466247559,
        -0.2958234321832657,
        0.18753982879221437,
        -0.6724180737495422,
        -0.8500577750205993,
        -0.7159184010028838,
        0.49823993808031086,
        -0.6007203999042511,
        -1.0,
        0.0,
        0.0,
        0.0,
        0.0,
        0.0,
        0.0,
        0.0,
        0.0,
        0.0,
        0.0,
        0.0,
        0.0
      ],
      "q99": [
        0.37625754563808445,
        0.11980975737571714,
        0.1634436742305756,
        0.9996901476502418,
        0.7314864341259004,
        0.6555693348169327,
        0.6204229516267776,
        0.9997769048914313,
        0.5239809033870697,
        0.9996,
        0.16876017630100248,
        0.23039769091606144,
        0.1642078333497048,
        0.9997755585983394,
        0.5351350532054902,
        0.8057162883281708,
        0.49294497238397605,
        0.9997257834076883,
        0.5364823954582214,
        0.9996,
        0.0,
        0.0,
        0.0,
        0.0,
        0.0,
        0.0,
        0.0,
        0.0,
        0.0,
        0.0,
        0.0,
        0.0
      ]
    }
  }
}