{
  "norm_stats": {
    "state": {
      "mean": [
        0.5781208872795105,
        0.058878302574157715,
        0.5388415455818176,
        0.3470768928527832,
        -0.669032633304596,
        -0.12659338116645813,
        -0.7349517941474915,
        -0.22113384306430817,
        -0.4377115070819855,
        0.07478059828281403,
        0.575741171836853,
        -0.049764033406972885,
        0.5206223726272583,
        -0.24910326302051544,
        -0.6685762405395508,
        0.2355717271566391,
        -0.8083170056343079,
        0.1335935890674591,
        -0.27821600437164307,
        0.07229798287153244,
        0.0,
        0.0,
        0.0,
        0.0,
        0.0,
        0.0,
        0.0,
        0.0,
        0.0,
        0.0,
        0.0,
        0.0
      ],
      "std": [
        0.04993347451090813,
        0.18326222896575928,
        0.06113419681787491,
        0.4411192536354065,
        0.363570898771286,
        0.2985580861568451,
        0.166158989071846,
        0.3317323625087738,
        0.2858307957649231,
        0.016454508528113365,
        0.04870712384581566,
        0.10586697608232498,
        0.05307939648628235,
        0.4729904234409332,
        0.34013861417770386,
        0.3099115192890167,
        0.13655734062194824,
        0.40933433175086975,
        0.2552836537361145,
        0.018431341275572777,
        0.0,
        0.0,
        0.0,
        0.0,
        0.0,
        0.0,
        0.0,
        0.0,
        0.0,
        0.0,
        0.0,
        0.0
      ],
      "q01": [
        0.4756228085756302,
        -0.2592184994101524,
        0.41840993181467057,
        -0.49424385311603547,
        -0.9994970245838165,
        -0.8566766033172607,
        -0.9821734514474869,
        -0.8684672203063964,
        -0.949393613088131,
        0.04265486548058689,
        0.4763195641696453,
        -0.20772093664407731,
        0.4218717654466629,
        -0.9424734528064728,
        -0.9974090671420097,
        -0.18956532775759696,
        -0.9934362999588251,
        -0.5748098186016083,
        -0.9088744541168213,
        0.041997332215309144,
        0.0,
        0.0,
        0.0,
        0.0,
        0.0,
        0.0,
        0.0,
        0.0,
        0.0,
        0.0,
        0.0,
        0.0
      ],
      "q99": [
        0.6659567525148391,
        0.32871811897754677,
        0.6910159991919995,
        0.9613849597811699,
        0.13614189395904552,
        0.4381463008880617,
        -0.2477170559644699,
        0.3887196692407131,
        0.20244961920976645,
        0.08398613040745259,
        0.65243766477108,
        0.14196492942571642,
        0.6475508082866669,
        0.6514508172154427,
        0.09006901016235358,
        0.9132466128468515,
        -0.28796113108396537,
        0.8646681813716888,
        0.1666380996942518,
        0.08399133040755988,
        0.0,
        0.0,
        0.0,
        0.0,
        0.0,
        0.0,
        0.0,
        0.0,
        0.0,
        0.0,
        0.0,
        0.0
      ]
    },
    "actions": {
      "mean": [
        -0.00733387703076005,
        0.024047790095210075,
        -0.011743683367967606,
        0.9146131873130798,
        -0.02862359769642353,
        0.013016542419791222,
        -0.019648980349302292,
        0.9278947710990906,
        -0.010408255271613598,
        0.5220499634742737,
        -0.0018359193345531821,
        0.011925862170755863,
        -0.012272588908672333,
        0.9047350883483887,
        0.04987499117851257,
        0.0062302784062922,
        0.009502011351287365,
        0.9208574891090393,
        0.035303995013237,
        0.4097616672515869,
        0.0,
        0.0,
        0.0,
        0.0,
        0.0,
        0.0,
        0.0,
        0.0,
        0.0,
        0.0,
        0.0,
        0.0
      ],
      "std": [
        0.09816378355026245,
        0.06217126548290253,
        0.07633735984563828,
        0.14816921949386597,
        0.2583448588848114,
        0.27165836095809937,
        0.21656528115272522,
        0.12119412422180176,
        0.27735981345176697,
        0.8166282176971436,
        0.05978544428944588,
        0.04713265225291252,
        0.05918055400252342,
        0.1556895673274994,
        0.2662293612957001,
        0.289501816034317,
        0.29041555523872375,
        0.12802866101264954,
        0.22350046038627625,
        0.8840392231941223,
        0.0,
        0.0,
        0.0,
        0.0,
        0.0,
        0.0,
        0.0,
        0.0,
        0.0,
        0.0,
        0.0,
        0.0
      ],
      "q01": [
        -0.2595360937952995,
        -0.08230405282974243,
        -0.24548506587743762,
        0.3447277701497078,
        -0.6090800952911377,
        -0.7260886036396026,
        -0.7037947433948517,
        0.4390885437428951,
        -0.7678388108253479,
        -1.0,
        -0.2004352230578661,
        -0.07709805859327315,
        -0.17459052565693856,
        0.3072678975462913,
        -0.7283567284464836,
        -0.712423911690712,
        -0.8420308869600296,
        0.4359450936034322,
        -0.43660307412147525,
        -1.0,
        0.0,
        0.0,
        0.0,
        0.0,
        0.0,
        0.0,
        0.0,
        0.0,
        0.0,
        0.0,
        0.0,
        0.0
      ],
      "q99": [
        0.3216918434262276,
        0.25787091207504276,
        0.1400194838643074,
        0.9997290023863317,
        0.8298471860885621,
        0.734389157807827,
        0.4439711852073671,
        0.9997864821255207,
        0.674252519416809,
        0.9996,
        0.16043744795024395,
        0.19750094034671783,
        0.116155878841877,
        0.9997652150988579,
        0.8078819488167763,
        0.931230801105499,
        0.724981561911106,
        0.9998165672972799,
        0.7250609006404876,
        0.9996,
        0.0,
        0.0,
        0.0,
        0.0,
        0.0,
        0.0,
        0.0,
        0.0,
        0.0,
        0.0,
        0.0,
        0.0
      ]
    }
  }
}