{
  "norm_stats": {
    "state": {
      "mean": [
        0.6617123484611511,
        0.08483871072530746,
        0.5961107611656189,
        -0.2342129349708557,
        -0.5964291095733643,
        -0.452280730009079,
        -0.7115651965141296,
        0.4143410623073578,
        -0.30867382884025574,
        0.06968481093645096,
        0.6473841667175293,
        -0.09768423438072205,
        0.592120885848999,
        0.23980267345905304,
        -0.8186988830566406,
        0.3029567003250122,
        -0.7963281273841858,
        -0.36923691630363464,
        -0.39590832591056824,
        0.07118053734302521,
        0.0,
        0.0,
        0.0,
        0.0,
        0.0,
        0.0,
        0.0,
        0.0,
        0.0,
        0.0,
        0.0,
        0.0
      ],
      "std": [
        0.026034481823444366,
        0.199259951710701,
        0.09150991588830948,
        0.16613855957984924,
        0.4828149080276489,
        0.3523441553115845,
        0.11812900006771088,
        0.20714133977890015,
        0.4121346175670624,
        0.026099488139152527,
        0.023958144709467888,
        0.15605388581752777,
        0.10711890459060669,
        0.19352251291275024,
        0.17826595902442932,
        0.3334878087043762,
        0.10452697426080704,
        0.17534838616847992,
        0.17637744545936584,
        0.01876942627131939,
        0.0,
        0.0,
        0.0,
        0.0,
        0.0,
        0.0,
        0.0,
        0.0,
        0.0,
        0.0,
        0.0,
        0.0
      ],
      "q01": [
        0.6025876518964768,
        -0.2624933021724224,
        0.34751075246334073,
        -0.5577264834165573,
        -0.997913470953703,
        -0.9860605985879898,
        -0.9952231593608856,
        -0.02888965348303317,
        -0.7662065791845322,
        0.013998666889965535,
        0.5914307660460472,
        -0.31481194961071013,
        0.40347136363983155,
        -0.13816510472297666,
        -0.9995483358323574,
        -0.1917005749344826,
        -0.991632361805439,
        -0.7190214183986187,
        -0.713793188957125,
        0.041999999433755875,
        0.0,
        0.0,
        0.0,
        0.0,
        0.0,
        0.0,
        0.0,
        0.0,
        0.0,
        0.0,
        0.0,
        0.0
      ],
      "q99": [
        0.7223720863819122,
        0.33522599039673806,
        0.7281692104041576,
        0.09503101236820222,
        0.38742558459639564,
        0.004769668054580567,
        -0.4955093933105469,
        0.7977650893598796,
        0.5427523178339004,
        0.0843190637268126,
        0.7003959635734558,
        0.14000908011198043,
        0.7437623344421387,
        0.6317146033048631,
        -0.32519596214294433,
        0.9422567804455757,
        -0.5697428259491921,
        0.11245227433443072,
        0.0012891586042940162,
        0.083991598867625,
        0.0,
        0.0,
        0.0,
        0.0,
        0.0,
        0.0,
        0.0,
        0.0,
        0.0,
        0.0,
        0.0,
        0.0
      ]
    },
    "actions": {
      "mean": [
        0.009676707908511162,
        -0.0006247416604310274,
        -0.016596151515841484,
        0.9221557378768921,
        0.016132833436131477,
        -0.0000852169468998909,
        -0.005919983144849539,
        0.9484912753105164,
        -0.026237845420837402,
        0.6150829792022705,
        -0.0011244331253692508,
        0.002498337998986244,
        -0.015834707766771317,
        0.9651135802268982,
        0.013843114487826824,
        -0.0013620967511087656,
        -0.011616507545113564,
        0.9829691648483276,
        -0.009331658482551575,
        0.46038272976875305,
        0.0,
        0.0,
        0.0,
        0.0,
        0.0,
        0.0,
        0.0,
        0.0,
        0.0,
        0.0,
        0.0,
        0.0
      ],
      "std": [
        0.11248358339071274,
        0.05288085713982582,
        0.09069816023111343,
        0.17544761300086975,
        0.2574481964111328,
        0.22870807349681854,
        0.23068805038928986,
        0.1042037233710289,
        0.18858842551708221,
        0.6408717632293701,
        0.07598893344402313,
        0.05205785855650902,
        0.07944580167531967,
        0.08266927301883698,
        0.1155228242278099,
        0.2195056676864624,
        0.13669729232788086,
        0.030122442170977592,
        0.11813651770353317,
        0.7406450510025024,
        0.0,
        0.0,
        0.0,
        0.0,
        0.0,
        0.0,
        0.0,
        0.0,
        0.0,
        0.0,
        0.0,
        0.0
      ],
      "q01": [
        -0.24964217233657837,
        -0.17390930855274198,
        -0.40783889981806276,
        0.14153373714089396,
        -0.7143569719076157,
        -0.6743973950743676,
        -0.6465451237082481,
        0.5137944745540619,
        -0.5828516521453857,
        -0.9301986784696579,
        -0.25974707137346265,
        -0.1418861104786396,
        -0.28755814707279204,
        0.5599130886346102,
        -0.3140573169231415,
        -0.7299497141361236,
        -0.4617526774406433,
        0.8546146934986114,
        -0.3708364574432373,
        -1.0,
        0.0,
        0.0,
        0.0,
        0.0,
        0.0,
        0.0,
        0.0,
        0.0,
        0.0,
        0.0,
        0.0,
        0.0
      ],
      "q99": [
        0.4412681361198425,
        0.12563360977172855,
        0.12523131443262103,
        0.9997469890177251,
        0.7990096655130385,
        0.6273716838598253,
        0.7097524606585504,
        0.9998488166898489,
        0.5521684069633486,
        0.9996055989623069,
        0.22716552852392202,
        0.17285124427080156,
        0.12037817476391793,
        0.9998492336720228,
        0.3618761816501618,
        0.7101295751810073,
        0.345980471432209,
        0.999944318151474,
        0.31010892913341526,
        0.9996,
        0.0,
        0.0,
        0.0,
        0.0,
        0.0,
        0.0,
        0.0,
        0.0,
        0.0,
        0.0,
        0.0,
        0.0
      ]
    }
  }
}