{
  "norm_stats": {
    "state": {
      "mean": [
        0.5637702941894531,
        0.018361646682024002,
        0.4939359724521637,
        -2.1927666664123535,
        0.38278764486312866,
        -0.9271854162216187,
        0.0,
        0.0762772485613823,
        0.5422066450119019,
        -0.12253931909799576,
        0.4937875270843506,
        -1.467922329902649,
        -0.4958358108997345,
        -1.9096406698226929,
        0.0,
        0.07107111811637878,
        0.0,
        0.0,
        0.0,
        0.0,
        0.0,
        0.0,
        0.0,
        0.0,
        0.0,
        0.0,
        0.0,
        0.0,
        0.0,
        0.0,
        0.0,
        0.0
      ],
      "std": [
        0.06966697424650192,
        0.16714492440223694,
        0.06750157475471497,
        1.182581901550293,
        0.37532851099967957,
        0.7634891271591187,
        0.0,
        0.015201108530163765,
        0.06888984888792038,
        0.15436816215515137,
        0.0458185039460659,
        2.2674686908721924,
        0.5134552717208862,
        0.6933222413063049,
        0.0,
        0.018761400133371353,
        0.0,
        0.0,
        0.0,
        0.0,
        0.0,
        0.0,
        0.0,
        0.0,
        0.0,
        0.0,
        0.0,
        0.0,
        0.0,
        0.0,
        0.0,
        0.0
      ],
      "q01": [
        0.41303988552093507,
        -0.27775385961532595,
        0.355014493650198,
        -3.126011417388916,
        -0.1793535772562027,
        -2.030185113286972,
        0.0,
        0.0429969346165657,
        0.4016167801618576,
        -0.29129841971695425,
        0.4085350305378437,
        -3.1288646488189698,
        -1.3354730551719665,
        -3.044330896139145,
        0.0,
        0.041986132273450494,
        0.0,
        0.0,
        0.0,
        0.0,
        0.0,
        0.0,
        0.0,
        0.0,
        0.0,
        0.0,
        0.0,
        0.0,
        0.0,
        0.0,
        0.0,
        0.0
      ],
      "q99": [
        0.65962837266922,
        0.26976177628636366,
        0.6718025275230408,
        3.116388397216797,
        1.126880152106285,
        0.42984725401401525,
        0.0,
        0.08432493039369582,
        0.6486048005223275,
        0.17135708758831025,
        0.6084762820839882,
        3.1277998714447017,
        0.1742951825618746,
        -0.8054900465011596,
        0.0,
        0.08399893040768802,
        0.0,
        0.0,
        0.0,
        0.0,
        0.0,
        0.0,
        0.0,
        0.0,
        0.0,
        0.0,
        0.0,
        0.0,
        0.0,
        0.0,
        0.0,
        0.0
      ]
    },
    "actions": {
      "mean": [
        -0.00010093807941302657,
        0.0006173680303618312,
        -0.000453071144875139,
        -0.00236569344997406,
        -0.0007224754663184285,
        0.004098376724869013,
        0.0,
        0.5971115231513977,
        -0.00024889520136639476,
        -0.0002487570745870471,
        -0.0002680682810023427,
        -0.002204030752182007,
        -0.0005045542493462563,
        -0.004011085722595453,
        0.0,
        0.3731818199157715,
        0.0,
        0.0,
        0.0,
        0.0,
        0.0,
        0.0,
        0.0,
        0.0,
        0.0,
        0.0,
        0.0,
        0.0,
        0.0,
        0.0,
        0.0,
        0.0
      ],
      "std": [
        0.04135747626423836,
        0.10107503086328506,
        0.06641381233930588,
        1.1390008926391602,
        0.2273293137550354,
        0.39428478479385376,
        0.0,
        0.7651997804641724,
        0.0383201465010643,
        0.09689082950353622,
        0.045378103852272034,
        2.035140037536621,
        0.28307023644447327,
        0.48007428646087646,
        0.0,
        0.8971956968307495,
        0.0,
        0.0,
        0.0,
        0.0,
        0.0,
        0.0,
        0.0,
        0.0,
        0.0,
        0.0,
        0.0,
        0.0,
        0.0,
        0.0,
        0.0,
        0.0
      ],
      "q01": [
        -0.11975570126771927,
        -0.3216290528535843,
        -0.14448331019878388,
        -5.7690881156921385,
        -0.8144748016357422,
        -1.0493340782165528,
        0.0,
        -1.0,
        -0.114467725366354,
        -0.334499418592453,
        -0.12715986390113831,
        -6.1151078414916995,
        -0.873479809331894,
        -0.8650736305236819,
        0.0,
        -1.0,
        0.0,
        0.0,
        0.0,
        0.0,
        0.0,
        0.0,
        0.0,
        0.0,
        0.0,
        0.0,
        0.0,
        0.0,
        0.0,
        0.0,
        0.0,
        0.0
      ],
      "q99": [
        0.12889700917005537,
        0.3136729213237762,
        0.2740247594237328,
        6.036641836071015,
        0.7052971560478212,
        1.1598617187500002,
        0.0,
        0.9996,
        0.11256010532975197,
        0.3019788815498352,
        0.12731891350746155,
        6.170703773498536,
        0.9875035845041276,
        1.160993674468994,
        0.0,
        0.9996,
        0.0,
        0.0,
        0.0,
        0.0,
        0.0,
        0.0,
        0.0,
        0.0,
        0.0,
        0.0,
        0.0,
        0.0,
        0.0,
        0.0,
        0.0,
        0.0
      ]
    }
  }
}