{
  "norm_stats": {
    "state": {
      "mean": [
        0.5955190658569336,
        0.05161847919225693,
        0.5844660401344299,
        -0.16157975792884827,
        -0.7564601302146912,
        -0.158805713057518,
        -0.8010480999946594,
        0.06990483403205872,
        0.056162841618061066,
        -0.3574807643890381,
        0.5635887980461121,
        -0.12237916141748428,
        0.5728846788406372,
        0.3567063510417938,
        -0.6532185077667236,
        0.07338742166757584,
        0.0,
        0.0,
        0.0,
        0.0,
        0.0,
        0.0,
        0.0,
        0.0,
        0.0,
        0.0,
        0.0,
        0.0,
        0.0,
        0.0,
        0.0,
        0.0
      ],
      "std": [
        0.054887134581804276,
        0.1844586580991745,
        0.10111667215824127,
        0.27095329761505127,
        0.3495199382305145,
        0.42527735233306885,
        0.1589364856481552,
        0.025371361523866653,
        0.18252640962600708,
        0.4108514189720154,
        0.057082198560237885,
        0.1491525024175644,
        0.10076843202114105,
        0.33096057176589966,
        0.34399929642677307,
        0.01764507219195366,
        0.0,
        0.0,
        0.0,
        0.0,
        0.0,
        0.0,
        0.0,
        0.0,
        0.0,
        0.0,
        0.0,
        0.0,
        0.0,
        0.0,
        0.0,
        0.0
      ],
      "q01": [
        0.46043613018989565,
        -0.2698734315633774,
        0.39837621861696243,
        -0.6800714448451995,
        -0.999998927116394,
        -0.990380582690239,
        -0.9966302425935865,
        0.008989933019876481,
        -0.4700931481122971,
        -0.8950921460986138,
        0.4432542226612568,
        -0.3348519250750542,
        0.39207307369709016,
        -0.3182291103839874,
        -0.999967634677887,
        0.041986132273450494,
        0.0,
        0.0,
        0.0,
        0.0,
        0.0,
        0.0,
        0.0,
        0.0,
        0.0,
        0.0,
        0.0,
        0.0,
        0.0,
        0.0,
        0.0,
        0.0
      ],
      "q99": [
        0.6863396299123764,
        0.31068592450618737,
        0.7720283295571804,
        0.5250350049018859,
        0.16105079905986797,
        0.33762033278942116,
        -0.3738619409948588,
        0.08399599707126618,
        0.45640941143035874,
        0.6356777530908586,
        0.6560256004333496,
        0.15161735452115532,
        0.7939748908281326,
        0.9755369378089906,
        0.10178537340164184,
        0.08399893040768802,
        0.0,
        0.0,
        0.0,
        0.0,
        0.0,
        0.0,
        0.0,
        0.0,
        0.0,
        0.0,
        0.0,
        0.0,
        0.0,
        0.0,
        0.0,
        0.0
      ]
    },
    "actions": {
      "mean": [
        0.5952327847480774,
        0.05231311172246933,
        0.5844300985336304,
        -0.1614225059747696,
        -0.7558112740516663,
        -0.1573084592819214,
        -0.8028513193130493,
        0.05578775703907013,
        -0.3559384346008301,
        0.5011547207832336,
        0.5632940530776978,
        -0.12301350384950638,
        0.5727823972702026,
        0.35560938715934753,
        -0.6532599925994873,
        0.28761884570121765,
        -0.8241945505142212,
        -0.2431485503911972,
        0.03749901428818703,
        0.44874733686447144,
        0.0,
        0.0,
        0.0,
        0.0,
        0.0,
        0.0,
        0.0,
        0.0,
        0.0,
        0.0,
        0.0,
        0.0
      ],
      "std": [
        0.054707661271095276,
        0.18398931622505188,
        0.10121167451143265,
        0.27126550674438477,
        0.3493376672267914,
        0.42699483036994934,
        0.1569174826145172,
        0.1823272854089737,
        0.4095843434333801,
        0.807785153388977,
        0.05686799809336662,
        0.14863087236881256,
        0.10086376965045929,
        0.33079421520233154,
        0.34411129355430603,
        0.36909517645835876,
        0.18864457309246063,
        0.2573869824409485,
        0.3979215919971466,
        0.8065584897994995,
        0.0,
        0.0,
        0.0,
        0.0,
        0.0,
        0.0,
        0.0,
        0.0,
        0.0,
        0.0,
        0.0,
        0.0
      ],
      "q01": [
        0.46043613018989565,
        -0.2697309280395508,
        0.39837621861696243,
        -0.6939471667766571,
        -0.999998927116394,
        -0.990380582690239,
        -0.9966302425935865,
        -0.4700931481122971,
        -0.8950921460986138,
        -1.0,
        0.4432542226612568,
        -0.3348519250750542,
        0.39207307369709016,
        -0.3182291103839874,
        -0.999967634677887,
        -0.2593045342564583,
        -0.9997529447972775,
        -0.6980379697799682,
        -0.6629625913500786,
        -1.0,
        0.0,
        0.0,
        0.0,
        0.0,
        0.0,
        0.0,
        0.0,
        0.0,
        0.0,
        0.0,
        0.0,
        0.0
      ],
      "q99": [
        0.6864547399759293,
        0.31068592450618737,
        0.7720283295571804,
        0.5250350049018859,
        0.16105079905986797,
        0.34210249595642095,
        -0.3759832068532706,
        0.462006724190712,
        0.6360271641612054,
        0.9996,
        0.6558196760416031,
        0.15033070819377892,
        0.7939748908281326,
        0.9752435668230057,
        0.10178537340164184,
        0.9456054791212081,
        -0.10226821190118784,
        0.3111547597169875,
        0.866054511964321,
        0.9996,
        0.0,
        0.0,
        0.0,
        0.0,
        0.0,
        0.0,
        0.0,
        0.0,
        0.0,
        0.0,
        0.0,
        0.0
      ]
    }
  }
}